,connectivity,model,target,n,r_discovery_cv,r_discovery_overfit,r_replication,p_discovery_cv,p_discovery_overfit,p_replication
0,netmats_parcor,ridge,age,25,,0.9999999998765455,0.42072510143548764,0.3996003996003996,0.000999000999000999,0.01998001998001998
1,netmats_parcor,ridge,age,25,,0.9999999999167573,0.18330421012514694,0.005994005994005994,0.000999000999000999,0.1978021978021978
2,netmats_parcor,ridge,age,25,,0.9999999998348842,0.26113064938078334,0.33966033966033965,0.000999000999000999,0.1068931068931069
3,netmats_parcor,ridge,age,25,,0.9999999998617006,0.010133096320787929,0.3166833166833167,0.000999000999000999,0.5184815184815185
4,netmats_parcor,ridge,age,25,,0.9999999997405968,0.26743172598965526,1.0,0.000999000999000999,0.10789210789210789
5,netmats_parcor,ridge,age,25,,0.9999999997931762,0.15099842887123419,0.7312687312687313,0.000999000999000999,0.25374625374625376
6,netmats_parcor,ridge,age,25,,0.9999999997513521,0.06305429762888502,0.3726273726273726,0.000999000999000999,0.36663336663336665
7,netmats_parcor,ridge,age,25,,0.9999999998476768,-0.11570742174522275,0.42957042957042957,0.000999000999000999,0.7302697302697303
8,netmats_parcor,ridge,age,25,,0.9999999998279717,-0.09250862067015556,0.8781218781218781,0.000999000999000999,0.6583416583416584
9,netmats_parcor,ridge,age,25,,0.9999999999101926,0.21693361904424796,0.3856143856143856,0.000999000999000999,0.16483516483516483
10,netmats_parcor,ridge,age,25,,0.9999999999118933,0.44222542557447675,0.6573426573426573,0.000999000999000999,0.03396603396603397
11,netmats_parcor,ridge,age,25,,0.9999999998236688,0.4166859535495743,0.0939060939060939,0.000999000999000999,0.014985014985014986
12,netmats_parcor,ridge,age,25,0.2699245198346555,0.9999999998157996,0.3958029034315238,0.022977022977022976,0.000999000999000999,0.023976023976023976
13,netmats_parcor,ridge,age,25,,0.9999999998560765,0.39440672707498325,0.12987012987012986,0.000999000999000999,0.017982017982017984
14,netmats_parcor,ridge,age,25,,0.9999999997937207,0.06970087294109387,0.058941058941058944,0.000999000999000999,0.3306693306693307
15,netmats_parcor,ridge,age,25,0.2618834068919996,0.9999999998840593,0.36821892384457927,0.23476523476523475,0.000999000999000999,0.025974025974025976
16,netmats_parcor,ridge,age,25,,0.9999999998580351,0.3307771676925006,0.7342657342657343,0.000999000999000999,0.06493506493506493
17,netmats_parcor,ridge,age,25,,0.9999999998249429,0.20180179058821718,0.013986013986013986,0.000999000999000999,0.17082917082917082
18,netmats_parcor,ridge,age,25,,0.9999999999199941,-0.01621989785443218,0.995004995004995,0.000999000999000999,0.5244755244755245
19,netmats_parcor,ridge,age,25,,0.9999999998700437,0.11771148283327255,0.8211788211788211,0.000999000999000999,0.2937062937062937
20,netmats_parcor,ridge,age,25,,0.9999999998752659,-0.04061606381327975,0.10989010989010989,0.000999000999000999,0.5814185814185814
21,netmats_parcor,ridge,age,25,,0.9999999998713983,0.2678506347501538,0.22477522477522477,0.000999000999000999,0.11688311688311688
22,netmats_parcor,ridge,age,25,,0.9999999998973853,0.22020821007098368,0.07192807192807193,0.000999000999000999,0.15184815184815184
23,netmats_parcor,ridge,age,25,,0.9999999998665428,0.44726930132514703,0.6793206793206793,0.000999000999000999,0.011988011988011988
24,netmats_parcor,ridge,age,25,,0.9999999997769079,0.3866893444627352,0.7982017982017982,0.000999000999000999,0.03196803196803197
25,netmats_parcor,ridge,age,25,,0.9999999998678281,0.2584227725142253,0.5644355644355644,0.000999000999000999,0.10989010989010989
26,netmats_parcor,ridge,age,25,,0.9999999998752113,0.36896240740309166,0.6553446553446554,0.000999000999000999,0.03796203796203796
27,netmats_parcor,ridge,age,25,,0.999999999887549,-0.3262705415492147,0.21178821178821178,0.000999000999000999,0.932067932067932
28,netmats_parcor,ridge,age,25,,0.9999999999265858,0.08977273504771457,0.057942057942057944,0.000999000999000999,0.34465534465534464
29,netmats_parcor,ridge,age,25,,0.9999999998582283,0.29950334479702234,0.7842157842157842,0.000999000999000999,0.06893106893106893
30,netmats_parcor,ridge,age,25,,0.9999999998275694,0.3498378018485721,0.2897102897102897,0.000999000999000999,0.059940059940059943
31,netmats_parcor,ridge,age,25,,0.9999999999066089,0.3715825510637848,0.938061938061938,0.000999000999000999,0.03896103896103896
32,netmats_parcor,ridge,age,25,,0.9999999998706401,0.2372438272869503,0.8731268731268731,0.000999000999000999,0.12787212787212787
33,netmats_parcor,ridge,age,25,-0.05854283288052885,0.9999999998673025,0.36864378026094946,0.7372627372627373,0.000999000999000999,0.04095904095904096
34,netmats_parcor,ridge,age,25,,0.9999999996338478,0.14531320023300404,0.08491508491508491,0.000999000999000999,0.24875124875124874
35,netmats_parcor,ridge,age,25,,0.999999999808893,0.2709272887268689,0.08391608391608392,0.000999000999000999,0.09490509490509491
36,netmats_parcor,ridge,age,25,,0.9999999998748231,0.038030395799221725,0.3336663336663337,0.000999000999000999,0.4175824175824176
37,netmats_parcor,ridge,age,25,,0.9999999998816125,0.19075170664766022,0.997002997002997,0.000999000999000999,0.20279720279720279
38,netmats_parcor,ridge,age,25,,0.9999999998908525,-0.48338706079367205,0.997002997002997,0.000999000999000999,0.987012987012987
39,netmats_parcor,ridge,age,25,,0.9999999997493375,0.5039439372472386,0.7662337662337663,0.000999000999000999,0.01098901098901099
40,netmats_parcor,ridge,age,25,-0.3140560343307187,0.9999999996955695,-0.004468803905085322,0.7282717282717283,0.000999000999000999,0.4935064935064935
41,netmats_parcor,ridge,age,25,,0.9999999999031286,0.1973647177497831,0.3146853146853147,0.000999000999000999,0.17282717282717283
42,netmats_parcor,ridge,age,25,,0.9999999998625083,0.34611529311178824,0.2917082917082917,0.000999000999000999,0.05194805194805195
43,netmats_parcor,ridge,age,25,,0.9999999999307605,0.059093380392392224,0.968031968031968,0.000999000999000999,0.3996003996003996
44,netmats_parcor,ridge,age,25,,0.999999999723331,0.3014446912021304,0.3306693306693307,0.000999000999000999,0.08191808191808192
45,netmats_parcor,ridge,age,25,,0.9999999998583221,0.23490743982711615,0.6883116883116883,0.000999000999000999,0.14185814185814186
46,netmats_parcor,ridge,age,25,0.027908244484130984,0.999999999921843,0.09655284989634025,0.5354645354645354,0.000999000999000999,0.32667332667332666
47,netmats_parcor,ridge,age,25,,0.9999999999066524,0.30631182359715015,0.8041958041958042,0.000999000999000999,0.061938061938061936
48,netmats_parcor,ridge,age,25,,0.9999999998738487,0.17548423899416182,0.7512487512487512,0.000999000999000999,0.1918081918081918
49,netmats_parcor,ridge,age,25,,0.999999999888923,-0.1956906623572871,0.38961038961038963,0.000999000999000999,0.8351648351648352
50,netmats_parcor,ridge,age,25,,0.9999999998701441,0.18798534699908695,0.5514485514485514,0.000999000999000999,0.20279720279720279
51,netmats_parcor,ridge,age,25,,0.9999999998857096,0.16541819300587557,0.2947052947052947,0.000999000999000999,0.21578421578421578
52,netmats_parcor,ridge,age,25,,0.9999999998671855,0.10024781219062597,0.9020979020979021,0.000999000999000999,0.3106893106893107
53,netmats_parcor,ridge,age,25,,0.999999999634939,0.45543149638258335,0.008991008991008992,0.000999000999000999,0.006993006993006993
54,netmats_parcor,ridge,age,25,,0.9999999998508211,0.30691552398741434,0.3336663336663337,0.000999000999000999,0.06393606393606394
55,netmats_parcor,ridge,age,25,,0.999999999906368,0.32664910390627727,0.2137862137862138,0.000999000999000999,0.052947052947052944
56,netmats_parcor,ridge,age,25,,0.9999999997939986,0.4914760567551772,0.18081918081918083,0.000999000999000999,0.01098901098901099
57,netmats_parcor,ridge,age,25,,0.9999999999106349,0.04172708871444485,0.5994005994005994,0.000999000999000999,0.4085914085914086
58,netmats_parcor,ridge,age,25,,0.9999999998235182,0.3315745322725364,0.10789210789210789,0.000999000999000999,0.053946053946053944
59,netmats_parcor,ridge,age,25,,0.9999999998727124,0.18299801149405384,0.028971028971028972,0.000999000999000999,0.1838161838161838
60,netmats_parcor,ridge,age,25,,0.9999999998627466,0.18621535778933215,0.5734265734265734,0.000999000999000999,0.16283716283716285
61,netmats_parcor,ridge,age,25,,0.9999999997736456,0.21058212908019636,0.002997002997002997,0.000999000999000999,0.14885114885114886
62,netmats_parcor,ridge,age,25,,0.9999999998824899,0.22322273576628554,0.9140859140859141,0.000999000999000999,0.15084915084915085
63,netmats_parcor,ridge,age,25,,0.9999999998871434,0.045973873758025974,0.5234765234765235,0.000999000999000999,0.42157842157842157
64,netmats_parcor,ridge,age,25,,0.9999999998105447,0.5038769539212465,0.16083916083916083,0.000999000999000999,0.004995004995004995
65,netmats_parcor,ridge,age,25,,0.9999999999113689,0.29531687864157213,0.989010989010989,0.000999000999000999,0.06793206793206794
66,netmats_parcor,ridge,age,25,,0.9999999998880452,0.4773595807818305,0.8091908091908092,0.000999000999000999,0.003996003996003996
67,netmats_parcor,ridge,age,25,,0.9999999998743048,0.15066474018840728,0.15284715284715283,0.000999000999000999,0.2547452547452547
68,netmats_parcor,ridge,age,25,,0.9999999997885513,0.33108087323172575,0.997002997002997,0.000999000999000999,0.04895104895104895
69,netmats_parcor,ridge,age,25,,0.9999999998621518,0.29659890931185406,0.7792207792207793,0.000999000999000999,0.07892107892107893
70,netmats_parcor,ridge,age,25,,0.9999999998428736,0.31715806905492777,0.2137862137862138,0.000999000999000999,0.057942057942057944
71,netmats_parcor,ridge,age,25,,0.9999999998976917,0.07334946337414705,0.6783216783216783,0.000999000999000999,0.3776223776223776
72,netmats_parcor,ridge,age,25,,0.9999999999246807,0.1810621711869176,0.981018981018981,0.000999000999000999,0.1978021978021978
73,netmats_parcor,ridge,age,25,,0.9999999999151244,-0.057876384278043744,0.98001998001998,0.000999000999000999,0.6053946053946054
74,netmats_parcor,ridge,age,25,,0.9999999999432508,0.20810820951886752,0.978021978021978,0.000999000999000999,0.17682317682317683
75,netmats_parcor,ridge,age,25,,0.9999999997567235,0.46719710528639324,0.023976023976023976,0.000999000999000999,0.00999000999000999
76,netmats_parcor,ridge,age,25,,0.9999999999388146,0.5015047953786317,0.5234765234765235,0.000999000999000999,0.011988011988011988
77,netmats_parcor,ridge,age,25,,0.999999999798185,0.11925153745223291,0.04495504495504495,0.000999000999000999,0.2837162837162837
78,netmats_parcor,ridge,age,25,,0.9999999998416049,-0.12434978684614387,0.06493506493506493,0.000999000999000999,0.7172827172827173
79,netmats_parcor,ridge,age,25,,0.9999999997836133,-0.26176060536606444,0.055944055944055944,0.000999000999000999,0.9110889110889111
80,netmats_parcor,ridge,age,25,,0.9999999998750193,0.1697498546776703,0.001998001998001998,0.000999000999000999,0.1978021978021978
81,netmats_parcor,ridge,age,25,,0.9999999999117555,0.170321775844626,0.98001998001998,0.000999000999000999,0.2057942057942058
82,netmats_parcor,ridge,age,25,,0.9999999998779545,0.4875884730720527,0.16883116883116883,0.000999000999000999,0.007992007992007992
83,netmats_parcor,ridge,age,25,,0.9999999999050715,0.18542590313425736,0.9590409590409591,0.000999000999000999,0.17782217782217782
84,netmats_parcor,ridge,age,25,,0.9999999998429283,0.23181206543213678,0.4115884115884116,0.000999000999000999,0.13186813186813187
85,netmats_parcor,ridge,age,25,,0.999999999779918,0.19303576572167958,0.5904095904095904,0.000999000999000999,0.18581418581418582
86,netmats_parcor,ridge,age,25,,0.9999999998952744,0.30340689356121847,0.9400599400599401,0.000999000999000999,0.06993006993006994
87,netmats_parcor,ridge,age,25,,0.9999999999142009,0.12109757789421748,0.04995004995004995,0.000999000999000999,0.27372627372627373
88,netmats_parcor,ridge,age,25,,0.9999999999218137,0.3585436104505378,1.0,0.000999000999000999,0.03696303696303696
89,netmats_parcor,ridge,age,25,0.014530740270390929,0.9999999998811421,-0.05234606159454829,0.8341658341658341,0.000999000999000999,0.6083916083916084
90,netmats_parcor,ridge,age,25,0.06761580903261807,0.9999999998129285,0.12269063358105442,0.01098901098901099,0.000999000999000999,0.27672327672327673
91,netmats_parcor,ridge,age,25,,0.99999999988405,0.1491365316209533,0.22077922077922077,0.000999000999000999,0.24575424575424576
92,netmats_parcor,ridge,age,25,,0.9999999999199862,0.16565681002560662,0.98001998001998,0.000999000999000999,0.23876123876123875
93,netmats_parcor,ridge,age,25,,0.9999999997578667,0.17441464121594524,0.11588411588411589,0.000999000999000999,0.2047952047952048
94,netmats_parcor,ridge,age,25,,0.9999999997819433,0.23691775183528418,0.6693306693306693,0.000999000999000999,0.11988011988011989
95,netmats_parcor,ridge,age,25,,0.9999999996581919,-0.012132023298208266,0.8481518481518482,0.000999000999000999,0.5184815184815185
96,netmats_parcor,ridge,age,25,,0.9999999999242222,0.16366259852276147,0.5594405594405595,0.000999000999000999,0.21478521478521478
97,netmats_parcor,ridge,age,25,,0.9999999998713727,0.21848334718672732,0.8731268731268731,0.000999000999000999,0.15384615384615385
98,netmats_parcor,ridge,age,25,,0.9999999998261886,0.2764657813960343,0.7512487512487512,0.000999000999000999,0.09090909090909091
99,netmats_parcor,ridge,age,25,,0.9999999998829229,0.2285317893146361,0.6113886113886113,0.000999000999000999,0.15484515484515485
100,netmats_parcor,ridge,age,50,,0.9999999998417135,0.40466052296078303,0.6293706293706294,0.000999000999000999,0.002997002997002997
101,netmats_parcor,ridge,age,50,0.08289378543228063,0.9999999997138236,0.28104090307385277,0.21078921078921078,0.000999000999000999,0.026973026973026972
102,netmats_parcor,ridge,age,50,,0.9999999998400987,0.10718074303860328,0.22777222777222778,0.000999000999000999,0.21678321678321677
103,netmats_parcor,ridge,age,50,0.3567329435249887,0.999999999755048,-0.20398125187251198,0.04795204795204795,0.000999000999000999,0.9090909090909091
104,netmats_parcor,ridge,age,50,0.45514545434216525,0.999999999840541,0.38566450987721174,0.001998001998001998,0.000999000999000999,0.004995004995004995
105,netmats_parcor,ridge,age,50,-0.014872779955264495,0.9999999997008594,0.18742595300710085,0.8321678321678322,0.000999000999000999,0.1018981018981019
106,netmats_parcor,ridge,age,50,0.4634147864383785,0.9999999997740565,0.3644731328886161,0.053946053946053944,0.000999000999000999,0.006993006993006993
107,netmats_parcor,ridge,age,50,,0.9999999998157468,0.2606531337301202,0.016983016983016984,0.000999000999000999,0.04195804195804196
108,netmats_parcor,ridge,age,50,,0.9999999996138877,0.10493277379883259,0.1068931068931069,0.000999000999000999,0.24875124875124874
109,netmats_parcor,ridge,age,50,-0.07756391814793312,0.9999999997894996,0.46755691690166123,0.7662337662337663,0.000999000999000999,0.000999000999000999
110,netmats_parcor,ridge,age,50,0.3075292212422019,0.9999999997982036,0.42984836662426085,0.09090909090909091,0.000999000999000999,0.002997002997002997
111,netmats_parcor,ridge,age,50,-0.0016730974823179145,0.9999999998414542,0.014715559294256466,0.5524475524475524,0.000999000999000999,0.45454545454545453
112,netmats_parcor,ridge,age,50,0.3336480894889636,0.9999999998246744,0.2512525180448533,0.04295704295704296,0.000999000999000999,0.029970029970029972
113,netmats_parcor,ridge,age,50,0.5907886591933647,0.9999999997524404,0.1670793327787335,0.000999000999000999,0.000999000999000999,0.12287712287712288
114,netmats_parcor,ridge,age,50,0.21907435325020658,0.9999999997700042,0.28713216050167145,0.11188811188811189,0.000999000999000999,0.013986013986013986
115,netmats_parcor,ridge,age,50,0.6156171911804609,0.9999999998289955,0.4275475758203816,0.000999000999000999,0.000999000999000999,0.000999000999000999
116,netmats_parcor,ridge,age,50,,0.9999999995457332,-0.035389855157903854,0.8711288711288712,0.000999000999000999,0.5904095904095904
117,netmats_parcor,ridge,age,50,0.33951767268126115,0.9999999997630664,0.437342991854682,0.05094905094905095,0.000999000999000999,0.001998001998001998
118,netmats_parcor,ridge,age,50,0.4080825272836872,0.9999999996565022,0.3381626808479554,0.011988011988011988,0.000999000999000999,0.01098901098901099
119,netmats_parcor,ridge,age,50,,0.9999999998245522,0.378192288680058,0.016983016983016984,0.000999000999000999,0.007992007992007992
120,netmats_parcor,ridge,age,50,0.5227925729916458,0.9999999997202584,0.2684228629761005,0.000999000999000999,0.000999000999000999,0.03996003996003996
121,netmats_parcor,ridge,age,50,0.442024932636897,0.9999999998007033,0.44049818591839146,0.000999000999000999,0.000999000999000999,0.000999000999000999
122,netmats_parcor,ridge,age,50,0.3351117739823491,0.9999999997534139,0.01980659585399558,0.07392607392607392,0.000999000999000999,0.4595404595404595
123,netmats_parcor,ridge,age,50,-0.1891106914685173,0.9999999998406246,0.43106226519295393,0.7762237762237763,0.000999000999000999,0.002997002997002997
124,netmats_parcor,ridge,age,50,0.09916351463846508,0.9999999998355964,0.21576168399601547,0.2817182817182817,0.000999000999000999,0.06993006993006994
125,netmats_parcor,ridge,age,50,0.34640972005924536,0.9999999997623471,0.30905783316176083,0.005994005994005994,0.000999000999000999,0.02097902097902098
126,netmats_parcor,ridge,age,50,0.24635595596184223,0.9999999996469994,0.3522317961731483,0.46553446553446554,0.000999000999000999,0.007992007992007992
127,netmats_parcor,ridge,age,50,,0.9999999997507163,0.09936123089013232,0.01098901098901099,0.000999000999000999,0.23676323676323677
128,netmats_parcor,ridge,age,50,0.391599713590208,0.9999999997110712,0.31428594454792674,0.000999000999000999,0.000999000999000999,0.016983016983016984
129,netmats_parcor,ridge,age,50,0.4513162147488952,0.9999999996891978,0.0633440096685031,0.008991008991008992,0.000999000999000999,0.3226773226773227
130,netmats_parcor,ridge,age,50,,0.9999999996639235,0.32594402391840716,0.6123876123876124,0.000999000999000999,0.01098901098901099
131,netmats_parcor,ridge,age,50,,0.9999999997549327,0.41205348176729023,0.0969030969030969,0.000999000999000999,0.002997002997002997
132,netmats_parcor,ridge,age,50,0.09745955476770404,0.9999999997136777,0.08625705699016885,0.2627372627372627,0.000999000999000999,0.2807192807192807
133,netmats_parcor,ridge,age,50,0.012069910947691715,0.9999999998421902,0.42830224894974117,0.24075924075924077,0.000999000999000999,0.000999000999000999
134,netmats_parcor,ridge,age,50,0.5358524749088105,0.9999999997629644,0.18705839828278725,0.002997002997002997,0.000999000999000999,0.0919080919080919
135,netmats_parcor,ridge,age,50,-0.23347796261743023,0.9999999996985901,0.3309055591739078,0.984015984015984,0.000999000999000999,0.008991008991008992
136,netmats_parcor,ridge,age,50,0.5801829703302187,0.9999999998016966,0.34294659863336124,0.000999000999000999,0.000999000999000999,0.006993006993006993
137,netmats_parcor,ridge,age,50,0.2760274043959164,0.9999999997214485,0.19346500774076478,0.014985014985014986,0.000999000999000999,0.09090909090909091
138,netmats_parcor,ridge,age,50,0.3021713030930504,0.9999999997844294,0.2708026248192001,0.005994005994005994,0.000999000999000999,0.028971028971028972
139,netmats_parcor,ridge,age,50,-0.01717101214042065,0.999999999788407,0.39567728850785316,0.9410589410589411,0.000999000999000999,0.002997002997002997
140,netmats_parcor,ridge,age,50,-0.24520297022090992,0.9999999998669172,0.03361519320308458,0.996003996003996,0.000999000999000999,0.4245754245754246
141,netmats_parcor,ridge,age,50,0.41336735385680434,0.9999999997604806,0.30199972951892806,0.02197802197802198,0.000999000999000999,0.016983016983016984
142,netmats_parcor,ridge,age,50,-0.10346940657268526,0.9999999998210908,0.5054389605518748,0.906093906093906,0.000999000999000999,0.000999000999000999
143,netmats_parcor,ridge,age,50,0.37429148986909694,0.9999999995402451,0.44394603150992856,0.024975024975024976,0.000999000999000999,0.000999000999000999
144,netmats_parcor,ridge,age,50,,0.999999999696255,0.44436095494690037,0.061938061938061936,0.000999000999000999,0.001998001998001998
145,netmats_parcor,ridge,age,50,0.14131810821596508,0.9999999997646108,0.3176327978601235,0.26073926073926074,0.000999000999000999,0.011988011988011988
146,netmats_parcor,ridge,age,50,,0.9999999996972411,0.21482022431027462,0.0989010989010989,0.000999000999000999,0.06993006993006994
147,netmats_parcor,ridge,age,50,0.32824324900297425,0.9999999998380171,0.305462891592682,0.023976023976023976,0.000999000999000999,0.02197802197802198
148,netmats_parcor,ridge,age,50,-0.12046942710690296,0.9999999996715392,0.11515567544185008,0.5414585414585414,0.000999000999000999,0.1978021978021978
149,netmats_parcor,ridge,age,50,,0.9999999997661061,-0.005838855326221153,0.10789210789210789,0.000999000999000999,0.5134865134865135
150,netmats_parcor,ridge,age,50,,0.9999999997925186,0.46465395889296274,0.002997002997002997,0.000999000999000999,0.001998001998001998
151,netmats_parcor,ridge,age,50,0.12767033271477574,0.9999999998036102,0.3468143164515306,0.4775224775224775,0.000999000999000999,0.003996003996003996
152,netmats_parcor,ridge,age,50,-0.09352942821421759,0.9999999997566177,0.3131825277585854,0.6573426573426573,0.000999000999000999,0.01098901098901099
153,netmats_parcor,ridge,age,50,0.33117138310664695,0.9999999997697009,0.1484842468246849,0.008991008991008992,0.000999000999000999,0.14785214785214784
154,netmats_parcor,ridge,age,50,0.4123950496997669,0.9999999996596735,0.411699655086417,0.024975024975024976,0.000999000999000999,0.002997002997002997
155,netmats_parcor,ridge,age,50,0.16761821019000517,0.9999999996644628,-0.01593262020676664,0.47652347652347654,0.000999000999000999,0.5684315684315684
156,netmats_parcor,ridge,age,50,0.4074629870330414,0.9999999997355982,0.5677112426591508,0.000999000999000999,0.000999000999000999,0.000999000999000999
157,netmats_parcor,ridge,age,50,0.23801659815998258,0.9999999997307922,0.16987121360396645,0.2827172827172827,0.000999000999000999,0.12087912087912088
158,netmats_parcor,ridge,age,50,,0.9999999998266376,0.48084244603878884,0.6353646353646354,0.000999000999000999,0.000999000999000999
159,netmats_parcor,ridge,age,50,0.08836252018258013,0.9999999998042787,0.18482343843145982,0.23276723276723277,0.000999000999000999,0.09090909090909091
160,netmats_parcor,ridge,age,50,0.3657976019298232,0.9999999998076535,0.31343232342896493,0.052947052947052944,0.000999000999000999,0.012987012987012988
161,netmats_parcor,ridge,age,50,0.2290549088971181,0.9999999997795168,-0.18014163754874507,0.07692307692307693,0.000999000999000999,0.8981018981018981
162,netmats_parcor,ridge,age,50,,0.9999999998575763,0.1802251461919111,0.00999000999000999,0.000999000999000999,0.11888111888111888
163,netmats_parcor,ridge,age,50,0.39075153983776,0.9999999997989637,0.17369975944032104,0.005994005994005994,0.000999000999000999,0.11288711288711288
164,netmats_parcor,ridge,age,50,,0.9999999997771344,0.38602991535587944,0.8711288711288712,0.000999000999000999,0.002997002997002997
165,netmats_parcor,ridge,age,50,0.07592838230658949,0.9999999996977353,0.34198086871840344,0.39760239760239763,0.000999000999000999,0.007992007992007992
166,netmats_parcor,ridge,age,50,0.25828650057536306,0.9999999998116266,0.3663956654341084,0.13686313686313686,0.000999000999000999,0.004995004995004995
167,netmats_parcor,ridge,age,50,0.11264872437346099,0.9999999997603787,0.12827374813897582,0.3926073926073926,0.000999000999000999,0.19480519480519481
168,netmats_parcor,ridge,age,50,0.5813927467727436,0.999999999883105,0.20897074039198163,0.000999000999000999,0.000999000999000999,0.07192807192807193
169,netmats_parcor,ridge,age,50,,0.9999999998088774,0.14436190612012126,0.015984015984015984,0.000999000999000999,0.16283716283716285
170,netmats_parcor,ridge,age,50,0.48514373548203504,0.9999999997999428,0.25342741877802566,0.002997002997002997,0.000999000999000999,0.04395604395604396
171,netmats_parcor,ridge,age,50,,0.9999999998145764,0.2562316900086825,0.20279720279720279,0.000999000999000999,0.030969030969030968
172,netmats_parcor,ridge,age,50,0.2149887036226954,0.9999999997798013,0.25442259150699925,0.3166833166833167,0.000999000999000999,0.03696303696303696
173,netmats_parcor,ridge,age,50,0.29562557901574754,0.999999999806013,0.08615573864442144,0.007992007992007992,0.000999000999000999,0.2787212787212787
174,netmats_parcor,ridge,age,50,,0.9999999998253492,0.1597817471931196,0.1798201798201798,0.000999000999000999,0.12887112887112886
175,netmats_parcor,ridge,age,50,0.17789772089690592,0.9999999996954627,0.4857123258389826,0.21978021978021978,0.000999000999000999,0.000999000999000999
176,netmats_parcor,ridge,age,50,0.19694078342200577,0.9999999997797409,0.40289356555599226,0.0899100899100899,0.000999000999000999,0.005994005994005994
177,netmats_parcor,ridge,age,50,0.47550637421620295,0.9999999997372783,0.32852934981759113,0.01998001998001998,0.000999000999000999,0.012987012987012988
178,netmats_parcor,ridge,age,50,,0.9999999996915924,0.19215360673764506,0.001998001998001998,0.000999000999000999,0.08891108891108891
179,netmats_parcor,ridge,age,50,0.3339583249996429,0.9999999998020177,0.15990473957746776,0.04095904095904096,0.000999000999000999,0.13586413586413587
180,netmats_parcor,ridge,age,50,0.3470051787470171,0.9999999996324911,0.4116242130498133,0.2037962037962038,0.000999000999000999,0.003996003996003996
181,netmats_parcor,ridge,age,50,0.25247655979232897,0.9999999996373422,0.16528146541821878,0.3096903096903097,0.000999000999000999,0.14785214785214784
182,netmats_parcor,ridge,age,50,-0.04078182552801042,0.9999999998719389,0.3919727075421193,0.967032967032967,0.000999000999000999,0.002997002997002997
183,netmats_parcor,ridge,age,50,,0.9999999997457965,0.35939828539479174,0.8081918081918081,0.000999000999000999,0.008991008991008992
184,netmats_parcor,ridge,age,50,0.166981168659275,0.9999999997263658,0.08176965002965345,0.056943056943056944,0.000999000999000999,0.3126873126873127
185,netmats_parcor,ridge,age,50,,0.999999999698987,0.24273299016178593,0.008991008991008992,0.000999000999000999,0.04695304695304695
186,netmats_parcor,ridge,age,50,0.48665285002941905,0.9999999998520734,0.3098896155531567,0.001998001998001998,0.000999000999000999,0.013986013986013986
187,netmats_parcor,ridge,age,50,,0.9999999997241332,0.3082497258518188,0.04295704295704296,0.000999000999000999,0.014985014985014986
188,netmats_parcor,ridge,age,50,0.058410036072661084,0.9999999997649696,0.30037715567291484,0.4255744255744256,0.000999000999000999,0.016983016983016984
189,netmats_parcor,ridge,age,50,0.4927563572631808,0.9999999996027323,0.1900796127285758,0.001998001998001998,0.000999000999000999,0.1038961038961039
190,netmats_parcor,ridge,age,50,-0.04945968420675101,0.9999999998336834,0.3041056157931814,0.8611388611388612,0.000999000999000999,0.014985014985014986
191,netmats_parcor,ridge,age,50,0.18255666472392607,0.9999999998245156,0.3205542376799143,0.03196803196803197,0.000999000999000999,0.012987012987012988
192,netmats_parcor,ridge,age,50,0.2839348206951266,0.9999999996914138,0.10406119666205554,0.07492507492507493,0.000999000999000999,0.23676323676323677
193,netmats_parcor,ridge,age,50,0.10384293584498047,0.9999999997317186,0.5291440290279972,0.5774225774225774,0.000999000999000999,0.000999000999000999
194,netmats_parcor,ridge,age,50,,0.9999999997489829,0.15036119422845146,0.001998001998001998,0.000999000999000999,0.13286713286713286
195,netmats_parcor,ridge,age,50,,0.9999999997698455,0.19532437217662219,0.42357642357642356,0.000999000999000999,0.08191808191808192
196,netmats_parcor,ridge,age,50,0.1818477330887701,0.999999999779337,0.20083874131640592,0.12387612387612387,0.000999000999000999,0.07092907092907093
197,netmats_parcor,ridge,age,50,0.10467956271036323,0.9999999997992864,-0.004801159082215065,0.45754245754245754,0.000999000999000999,0.5134865134865135
198,netmats_parcor,ridge,age,50,,0.9999999998108836,0.4093432287411647,0.18081918081918083,0.000999000999000999,0.002997002997002997
199,netmats_parcor,ridge,age,50,0.42351062473146567,0.9999999997448786,0.18775359297197067,0.003996003996003996,0.000999000999000999,0.09490509490509491
200,netmats_parcor,ridge,age,75,,0.9999999997339538,0.35116775158438285,0.000999000999000999,0.000999000999000999,0.001998001998001998
201,netmats_parcor,ridge,age,75,0.47836453291622166,0.9999999996825095,0.3193477458939929,0.000999000999000999,0.000999000999000999,0.004995004995004995
202,netmats_parcor,ridge,age,75,0.2607859576199799,0.9999999997172513,0.15835538391624002,0.013986013986013986,0.000999000999000999,0.08691308691308691
203,netmats_parcor,ridge,age,75,0.5331090139921193,0.9999999996096121,-0.16441580081490206,0.000999000999000999,0.000999000999000999,0.9210789210789211
204,netmats_parcor,ridge,age,75,0.38107657441508336,0.9999999996289365,0.41869244834118163,0.000999000999000999,0.000999000999000999,0.001998001998001998
205,netmats_parcor,ridge,age,75,0.23336819163470474,0.9999999996933417,0.10744976392029805,0.15684315684315683,0.000999000999000999,0.15884115884115885
206,netmats_parcor,ridge,age,75,0.1056494188043845,0.9999999996292518,0.36262664488589197,0.2517482517482518,0.000999000999000999,0.001998001998001998
207,netmats_parcor,ridge,age,75,0.42257285316510007,0.9999999996700955,0.23249439750949213,0.002997002997002997,0.000999000999000999,0.01998001998001998
208,netmats_parcor,ridge,age,75,0.36792347286903765,0.9999999997496701,0.0699514457514283,0.000999000999000999,0.000999000999000999,0.28771228771228774
209,netmats_parcor,ridge,age,75,0.4673454691058086,0.9999999996639353,0.47838073463952163,0.000999000999000999,0.000999000999000999,0.000999000999000999
210,netmats_parcor,ridge,age,75,0.4327905037567305,0.999999999591904,0.17239065684368862,0.002997002997002997,0.000999000999000999,0.08591408591408592
211,netmats_parcor,ridge,age,75,0.5096189190991962,0.999999999783863,0.3728918109322698,0.000999000999000999,0.000999000999000999,0.000999000999000999
212,netmats_parcor,ridge,age,75,0.234754686269779,0.9999999996594294,0.2598113794210082,0.1008991008991009,0.000999000999000999,0.012987012987012988
213,netmats_parcor,ridge,age,75,0.29734704679934154,0.9999999997469212,0.3897629971882363,0.008991008991008992,0.000999000999000999,0.000999000999000999
214,netmats_parcor,ridge,age,75,,0.9999999996861887,0.4585275570307397,0.13086913086913088,0.000999000999000999,0.000999000999000999
215,netmats_parcor,ridge,age,75,0.4921813431806295,0.9999999997080061,0.49842591723288315,0.000999000999000999,0.000999000999000999,0.000999000999000999
216,netmats_parcor,ridge,age,75,,0.999999999764377,0.22091679999850494,0.001998001998001998,0.000999000999000999,0.017982017982017984
217,netmats_parcor,ridge,age,75,0.15977320852114046,0.9999999996746793,0.472066778472329,0.08291708291708291,0.000999000999000999,0.000999000999000999
218,netmats_parcor,ridge,age,75,0.3196285890960934,0.9999999996828196,0.4284981672878735,0.00999000999000999,0.000999000999000999,0.000999000999000999
219,netmats_parcor,ridge,age,75,0.44104313852564775,0.9999999997603205,0.5460399269448957,0.003996003996003996,0.000999000999000999,0.000999000999000999
220,netmats_parcor,ridge,age,75,0.1311630477656451,0.99999999967803,0.4920408616053256,0.012987012987012988,0.000999000999000999,0.000999000999000999
221,netmats_parcor,ridge,age,75,0.5068257155727711,0.9999999995726572,0.470794122934179,0.000999000999000999,0.000999000999000999,0.000999000999000999
222,netmats_parcor,ridge,age,75,0.26324614789024325,0.9999999996546152,0.19861648055296263,0.023976023976023976,0.000999000999000999,0.06593406593406594
223,netmats_parcor,ridge,age,75,0.37988019137409895,0.9999999996418666,0.3654082596266035,0.001998001998001998,0.000999000999000999,0.001998001998001998
224,netmats_parcor,ridge,age,75,0.3295198828745978,0.9999999996359679,0.34856889532865243,0.011988011988011988,0.000999000999000999,0.003996003996003996
225,netmats_parcor,ridge,age,75,0.31405351131646064,0.9999999997936718,0.32288652783884075,0.008991008991008992,0.000999000999000999,0.000999000999000999
226,netmats_parcor,ridge,age,75,0.5236971024496713,0.9999999997181553,0.19479385726213078,0.000999000999000999,0.000999000999000999,0.03796203796203796
227,netmats_parcor,ridge,age,75,-0.028374251837566096,0.9999999998098587,0.27154422173719694,0.7802197802197802,0.000999000999000999,0.011988011988011988
228,netmats_parcor,ridge,age,75,0.30011749517265895,0.9999999997117832,0.3196459263553892,0.000999000999000999,0.000999000999000999,0.004995004995004995
229,netmats_parcor,ridge,age,75,0.49070928473282194,0.9999999996693133,0.28328350056284085,0.000999000999000999,0.000999000999000999,0.008991008991008992
230,netmats_parcor,ridge,age,75,0.29744658945943103,0.9999999996940141,0.2925157622737315,0.03396603396603397,0.000999000999000999,0.007992007992007992
231,netmats_parcor,ridge,age,75,0.17450854753043227,0.9999999996412292,0.36754332872784107,0.13686313686313686,0.000999000999000999,0.001998001998001998
232,netmats_parcor,ridge,age,75,0.1580947797742395,0.9999999996372441,0.280906439101668,0.22577422577422576,0.000999000999000999,0.01098901098901099
233,netmats_parcor,ridge,age,75,0.3314426552869616,0.9999999996776496,0.3975121532901909,0.015984015984015984,0.000999000999000999,0.000999000999000999
234,netmats_parcor,ridge,age,75,0.6187762821491418,0.9999999997740572,0.4092061541297433,0.000999000999000999,0.000999000999000999,0.000999000999000999
235,netmats_parcor,ridge,age,75,0.24143418029822672,0.9999999997613933,0.40945646379790407,0.06593406593406594,0.000999000999000999,0.000999000999000999
236,netmats_parcor,ridge,age,75,,0.9999999996579406,0.45414270093309445,0.007992007992007992,0.000999000999000999,0.000999000999000999
237,netmats_parcor,ridge,age,75,0.5017833863531096,0.9999999996953856,0.06326880243785404,0.000999000999000999,0.000999000999000999,0.3116883116883117
238,netmats_parcor,ridge,age,75,0.30366583310635953,0.9999999997220673,0.5183465681366299,0.000999000999000999,0.000999000999000999,0.000999000999000999
239,netmats_parcor,ridge,age,75,0.2191766281383722,0.9999999997997007,0.19645876676750368,0.04295704295704296,0.000999000999000999,0.05194805194805195
240,netmats_parcor,ridge,age,75,0.007452038397412733,0.9999999994948515,0.05425818755767931,0.6003996003996004,0.000999000999000999,0.3096903096903097
241,netmats_parcor,ridge,age,75,0.4252850623405447,0.9999999997449169,0.2892196557395602,0.004995004995004995,0.000999000999000999,0.004995004995004995
242,netmats_parcor,ridge,age,75,0.46312695184933633,0.9999999997547574,0.4077654643346022,0.000999000999000999,0.000999000999000999,0.000999000999000999
243,netmats_parcor,ridge,age,75,0.21840782914080337,0.9999999996285377,0.36757947313336786,0.060939060939060936,0.000999000999000999,0.002997002997002997
244,netmats_parcor,ridge,age,75,0.4023576052423591,0.999999999627951,0.4096088991786236,0.000999000999000999,0.000999000999000999,0.000999000999000999
245,netmats_parcor,ridge,age,75,0.41491504342397656,0.9999999996832227,0.21810275022732317,0.000999000999000999,0.000999000999000999,0.04595404595404595
246,netmats_parcor,ridge,age,75,0.17431393117852306,0.9999999997091712,0.3237277504912824,0.03896103896103896,0.000999000999000999,0.000999000999000999
247,netmats_parcor,ridge,age,75,0.13247224953684206,0.9999999994982447,0.38566867652255155,0.11788211788211789,0.000999000999000999,0.000999000999000999
248,netmats_parcor,ridge,age,75,0.30572291228691195,0.9999999997370346,0.3439741926665104,0.027972027972027972,0.000999000999000999,0.002997002997002997
249,netmats_parcor,ridge,age,75,0.11533220028342314,0.9999999997176313,0.09608742246745913,0.07392607392607392,0.000999000999000999,0.19480519480519481
250,netmats_parcor,ridge,age,75,0.4289875520278173,0.9999999997679653,0.5292880476260412,0.000999000999000999,0.000999000999000999,0.000999000999000999
251,netmats_parcor,ridge,age,75,0.16453696316070365,0.9999999997932665,0.32830194871684587,0.030969030969030968,0.000999000999000999,0.001998001998001998
252,netmats_parcor,ridge,age,75,0.13846354853770212,0.9999999997532544,0.29048200253936424,0.1928071928071928,0.000999000999000999,0.008991008991008992
253,netmats_parcor,ridge,age,75,0.2689696302355725,0.9999999997480905,0.4071261151071309,0.029970029970029972,0.000999000999000999,0.000999000999000999
254,netmats_parcor,ridge,age,75,0.39875354895996484,0.9999999996308903,0.5389212002208121,0.002997002997002997,0.000999000999000999,0.000999000999000999
255,netmats_parcor,ridge,age,75,0.23610324445625838,0.9999999996702656,0.18322505840065986,0.02097902097902098,0.000999000999000999,0.061938061938061936
256,netmats_parcor,ridge,age,75,0.39505179381449873,0.9999999996821956,0.4277376855156099,0.002997002997002997,0.000999000999000999,0.000999000999000999
257,netmats_parcor,ridge,age,75,,0.9999999997157357,0.39199232175858456,0.022977022977022976,0.000999000999000999,0.000999000999000999
258,netmats_parcor,ridge,age,75,0.14806885252836532,0.9999999996662271,0.45085815438213456,0.025974025974025976,0.000999000999000999,0.000999000999000999
259,netmats_parcor,ridge,age,75,0.3425842567870715,0.9999999997821525,0.27378786441666897,0.001998001998001998,0.000999000999000999,0.015984015984015984
260,netmats_parcor,ridge,age,75,0.535730074510785,0.9999999997007281,0.4455949926400557,0.000999000999000999,0.000999000999000999,0.000999000999000999
261,netmats_parcor,ridge,age,75,0.22895126279205483,0.9999999995893918,0.24830629477323177,0.06293706293706294,0.000999000999000999,0.012987012987012988
262,netmats_parcor,ridge,age,75,0.017134366078321722,0.9999999997664858,0.11165020950231554,0.31368631368631367,0.000999000999000999,0.1888111888111888
263,netmats_parcor,ridge,age,75,0.3645786149279598,0.9999999997766826,0.2113473838186055,0.016983016983016984,0.000999000999000999,0.030969030969030968
264,netmats_parcor,ridge,age,75,-0.03958708336767773,0.9999999994948012,0.2661905630926243,0.4855144855144855,0.000999000999000999,0.015984015984015984
265,netmats_parcor,ridge,age,75,,0.9999999995737705,0.36870025785696803,0.10989010989010989,0.000999000999000999,0.000999000999000999
266,netmats_parcor,ridge,age,75,0.15222081829648834,0.9999999997821349,0.2675735498299296,0.26073926073926074,0.000999000999000999,0.007992007992007992
267,netmats_parcor,ridge,age,75,0.2402534782064782,0.9999999996465072,0.47248726717795814,0.08591408591408592,0.000999000999000999,0.000999000999000999
268,netmats_parcor,ridge,age,75,0.4228023669112039,0.9999999996895439,0.28853478769194885,0.000999000999000999,0.000999000999000999,0.005994005994005994
269,netmats_parcor,ridge,age,75,0.27974162370768985,0.9999999995867059,0.4260926744080855,0.06293706293706294,0.000999000999000999,0.000999000999000999
270,netmats_parcor,ridge,age,75,-0.05610325147578393,0.9999999996937067,0.24307095076484014,0.8831168831168831,0.000999000999000999,0.02097902097902098
271,netmats_parcor,ridge,age,75,0.3377961613795701,0.9999999997184222,0.2323145782849088,0.017982017982017984,0.000999000999000999,0.014985014985014986
272,netmats_parcor,ridge,age,75,0.1309618580954026,0.9999999997241249,0.340899096626781,0.1918081918081918,0.000999000999000999,0.001998001998001998
273,netmats_parcor,ridge,age,75,0.38919499640920907,0.9999999996955045,0.3260392518826022,0.006993006993006993,0.000999000999000999,0.002997002997002997
274,netmats_parcor,ridge,age,75,0.4361805377536315,0.999999999732776,0.24343206054337382,0.000999000999000999,0.000999000999000999,0.01098901098901099
275,netmats_parcor,ridge,age,75,-0.0733799572617842,0.9999999996342822,0.37006509612082567,0.8711288711288712,0.000999000999000999,0.001998001998001998
276,netmats_parcor,ridge,age,75,0.3498535671417146,0.9999999996550967,0.4215254912567293,0.000999000999000999,0.000999000999000999,0.000999000999000999
277,netmats_parcor,ridge,age,75,0.2852661712329895,0.9999999995534924,0.3618056179539073,0.007992007992007992,0.000999000999000999,0.000999000999000999
278,netmats_parcor,ridge,age,75,0.4467659620553294,0.9999999996602157,0.24611909962716305,0.000999000999000999,0.000999000999000999,0.011988011988011988
279,netmats_parcor,ridge,age,75,0.3698733387406743,0.9999999997039499,0.3655068165576115,0.007992007992007992,0.000999000999000999,0.001998001998001998
280,netmats_parcor,ridge,age,75,0.21707149183202884,0.9999999996972861,0.4665679248328338,0.014985014985014986,0.000999000999000999,0.000999000999000999
281,netmats_parcor,ridge,age,75,0.3830844496340572,0.9999999996813942,0.27351848422980685,0.000999000999000999,0.000999000999000999,0.008991008991008992
282,netmats_parcor,ridge,age,75,-0.07404171230961931,0.9999999996362202,0.2673343701016803,0.5524475524475524,0.000999000999000999,0.00999000999000999
283,netmats_parcor,ridge,age,75,0.15989033675835324,0.9999999996846719,0.39877659776730223,0.3016983016983017,0.000999000999000999,0.000999000999000999
284,netmats_parcor,ridge,age,75,0.4369019124802359,0.9999999996182304,0.16980733496204323,0.000999000999000999,0.000999000999000999,0.07092907092907093
285,netmats_parcor,ridge,age,75,0.238059063415762,0.9999999996771924,0.21762187858012152,0.06693306693306693,0.000999000999000999,0.027972027972027972
286,netmats_parcor,ridge,age,75,0.2484807100445447,0.99999999977462,0.18824005426100726,0.13486513486513488,0.000999000999000999,0.04095904095904096
287,netmats_parcor,ridge,age,75,,0.9999999997137157,0.2470601834488685,0.000999000999000999,0.000999000999000999,0.015984015984015984
288,netmats_parcor,ridge,age,75,0.2661528963557604,0.9999999997149183,0.40747471901660487,0.10589410589410589,0.000999000999000999,0.001998001998001998
289,netmats_parcor,ridge,age,75,0.2327376860724168,0.9999999996068111,0.22787449639275312,0.04395604395604396,0.000999000999000999,0.01898101898101898
290,netmats_parcor,ridge,age,75,0.3496099592867951,0.9999999997449326,0.17073842309128107,0.000999000999000999,0.000999000999000999,0.07692307692307693
291,netmats_parcor,ridge,age,75,0.6452069311160589,0.9999999997359181,0.3370495029645246,0.000999000999000999,0.000999000999000999,0.004995004995004995
292,netmats_parcor,ridge,age,75,0.35769049444333206,0.9999999997293805,0.1900318372297623,0.001998001998001998,0.000999000999000999,0.04895104895104895
293,netmats_parcor,ridge,age,75,0.1659805010274258,0.9999999997177642,0.3382204399660664,0.11288711288711288,0.000999000999000999,0.001998001998001998
294,netmats_parcor,ridge,age,75,0.5035004818507308,0.9999999996934655,0.247619756089615,0.001998001998001998,0.000999000999000999,0.016983016983016984
295,netmats_parcor,ridge,age,75,0.3569052889149436,0.9999999996474148,0.2224729170194835,0.002997002997002997,0.000999000999000999,0.02197802197802198
296,netmats_parcor,ridge,age,75,0.5117247674011227,0.9999999996922547,0.261428482769319,0.000999000999000999,0.000999000999000999,0.013986013986013986
297,netmats_parcor,ridge,age,75,0.2609078009809544,0.9999999996652301,0.21533777100773108,0.03196803196803197,0.000999000999000999,0.03496503496503497
298,netmats_parcor,ridge,age,75,0.19466881427530744,0.9999999996759891,0.3598268601753429,0.1928071928071928,0.000999000999000999,0.004995004995004995
299,netmats_parcor,ridge,age,75,0.35790516301910225,0.9999999996623992,0.3085521311174896,0.002997002997002997,0.000999000999000999,0.005994005994005994
300,netmats_parcor,ridge,age,100,0.4617477675477696,0.9999999996053306,0.3510493924752347,0.000999000999000999,0.000999000999000999,0.001998001998001998
301,netmats_parcor,ridge,age,100,0.4022885481007747,0.9999999996406446,0.40703962139994515,0.000999000999000999,0.000999000999000999,0.000999000999000999
302,netmats_parcor,ridge,age,100,0.21135101902856665,0.9999999996273968,0.27348289694739925,0.04495504495504495,0.000999000999000999,0.002997002997002997
303,netmats_parcor,ridge,age,100,0.5028875538734733,0.9999999996499306,0.11486582654890135,0.000999000999000999,0.000999000999000999,0.13986013986013987
304,netmats_parcor,ridge,age,100,0.5805092528577203,0.9999999996102851,0.39007639345542816,0.000999000999000999,0.000999000999000999,0.000999000999000999
305,netmats_parcor,ridge,age,100,0.2899151302262564,0.9999999996735256,0.24647178480862045,0.001998001998001998,0.000999000999000999,0.012987012987012988
306,netmats_parcor,ridge,age,100,0.4023300687540382,0.9999999996508713,0.29688586838307635,0.000999000999000999,0.000999000999000999,0.000999000999000999
307,netmats_parcor,ridge,age,100,0.4262616206949542,0.9999999996117951,0.3101310748279189,0.000999000999000999,0.000999000999000999,0.000999000999000999
308,netmats_parcor,ridge,age,100,0.3993149954924164,0.9999999996184198,0.17415314053395783,0.000999000999000999,0.000999000999000999,0.04495504495504495
309,netmats_parcor,ridge,age,100,0.1657084594053823,0.9999999993952335,0.4685369836910976,0.04795204795204795,0.000999000999000999,0.000999000999000999
310,netmats_parcor,ridge,age,100,0.26447300918377104,0.9999999996465517,0.2508680539013644,0.011988011988011988,0.000999000999000999,0.005994005994005994
311,netmats_parcor,ridge,age,100,0.5680365136428228,0.9999999996636745,0.37850574995042874,0.000999000999000999,0.000999000999000999,0.000999000999000999
312,netmats_parcor,ridge,age,100,0.38324066786470434,0.9999999995014665,0.28736116813453044,0.000999000999000999,0.000999000999000999,0.000999000999000999
313,netmats_parcor,ridge,age,100,0.2475811146616707,0.9999999996882982,0.3079730002765085,0.016983016983016984,0.000999000999000999,0.000999000999000999
314,netmats_parcor,ridge,age,100,0.33214412755467504,0.9999999996404365,0.34327950965427734,0.000999000999000999,0.000999000999000999,0.000999000999000999
315,netmats_parcor,ridge,age,100,0.2775445667905616,0.9999999996370484,0.49152861739183135,0.005994005994005994,0.000999000999000999,0.000999000999000999
316,netmats_parcor,ridge,age,100,0.228927998236163,0.9999999996855651,0.32342123496460945,0.02097902097902098,0.000999000999000999,0.001998001998001998
317,netmats_parcor,ridge,age,100,0.3746243879891596,0.9999999995790473,0.50884249561136,0.000999000999000999,0.000999000999000999,0.000999000999000999
318,netmats_parcor,ridge,age,100,0.13996110524406058,0.9999999995846233,0.4312653353829652,0.03996003996003996,0.000999000999000999,0.000999000999000999
319,netmats_parcor,ridge,age,100,0.3989325267374203,0.9999999996065321,0.5316376037966966,0.001998001998001998,0.000999000999000999,0.000999000999000999
320,netmats_parcor,ridge,age,100,0.01979066393507658,0.9999999996697951,0.4788985772750735,0.46353646353646355,0.000999000999000999,0.000999000999000999
321,netmats_parcor,ridge,age,100,0.2686432950199231,0.9999999994855557,0.41775190160783476,0.006993006993006993,0.000999000999000999,0.000999000999000999
322,netmats_parcor,ridge,age,100,,0.9999999996002017,0.3179247076778449,0.056943056943056944,0.000999000999000999,0.001998001998001998
323,netmats_parcor,ridge,age,100,0.38274308498169524,0.9999999995599396,0.33499026378420105,0.000999000999000999,0.000999000999000999,0.000999000999000999
324,netmats_parcor,ridge,age,100,0.4668640670621823,0.9999999995237684,0.3817770263142834,0.000999000999000999,0.000999000999000999,0.000999000999000999
325,netmats_parcor,ridge,age,100,0.28831522090523787,0.9999999996944918,0.3262396654022854,0.000999000999000999,0.000999000999000999,0.000999000999000999
326,netmats_parcor,ridge,age,100,0.4308455880919208,0.999999999676921,0.30023342675535375,0.000999000999000999,0.000999000999000999,0.000999000999000999
327,netmats_parcor,ridge,age,100,0.3466686382204208,0.9999999995047971,0.08219671841307187,0.002997002997002997,0.000999000999000999,0.23876123876123875
328,netmats_parcor,ridge,age,100,0.37056924322999013,0.9999999996780625,0.33051644733875685,0.001998001998001998,0.000999000999000999,0.000999000999000999
329,netmats_parcor,ridge,age,100,0.47924156178374755,0.9999999996292199,0.2878446059161174,0.000999000999000999,0.000999000999000999,0.002997002997002997
330,netmats_parcor,ridge,age,100,0.3236039500962728,0.9999999997046268,0.4273122187266358,0.000999000999000999,0.000999000999000999,0.000999000999000999
331,netmats_parcor,ridge,age,100,0.25045863700102583,0.9999999995925833,0.3892311161817965,0.01098901098901099,0.000999000999000999,0.000999000999000999
332,netmats_parcor,ridge,age,100,0.17845818793963475,0.9999999996015098,0.3079494460942667,0.030969030969030968,0.000999000999000999,0.004995004995004995
333,netmats_parcor,ridge,age,100,0.3512014503556198,0.9999999996468819,0.38922281888380583,0.003996003996003996,0.000999000999000999,0.001998001998001998
334,netmats_parcor,ridge,age,100,0.4119408866113045,0.9999999996994501,0.3345370199417267,0.000999000999000999,0.000999000999000999,0.001998001998001998
335,netmats_parcor,ridge,age,100,0.3991792906431163,0.9999999996480641,0.4785588463798176,0.000999000999000999,0.000999000999000999,0.000999000999000999
336,netmats_parcor,ridge,age,100,0.35919693585161283,0.9999999996850114,0.3927337291659586,0.002997002997002997,0.000999000999000999,0.000999000999000999
337,netmats_parcor,ridge,age,100,0.0510108565568664,0.999999999664145,0.28067749740926723,0.13186813186813187,0.000999000999000999,0.003996003996003996
338,netmats_parcor,ridge,age,100,0.3501002002895718,0.9999999995764215,0.40425651881996866,0.000999000999000999,0.000999000999000999,0.000999000999000999
339,netmats_parcor,ridge,age,100,0.331347844835142,0.9999999997901573,0.31710752345903825,0.005994005994005994,0.000999000999000999,0.000999000999000999
340,netmats_parcor,ridge,age,100,0.2537438598509952,0.9999999996725303,0.28864664719841227,0.06893106893106893,0.000999000999000999,0.000999000999000999
341,netmats_parcor,ridge,age,100,0.37130946779567414,0.9999999996238488,0.3101718408124457,0.000999000999000999,0.000999000999000999,0.000999000999000999
342,netmats_parcor,ridge,age,100,0.45592168997346094,0.9999999996006224,0.28856385485616937,0.000999000999000999,0.000999000999000999,0.000999000999000999
343,netmats_parcor,ridge,age,100,0.22177748483663628,0.9999999996974569,0.3003760135455006,0.01098901098901099,0.000999000999000999,0.001998001998001998
344,netmats_parcor,ridge,age,100,0.19486330171503433,0.999999999633252,0.41171875428264176,0.030969030969030968,0.000999000999000999,0.000999000999000999
345,netmats_parcor,ridge,age,100,0.3221548719525872,0.9999999997375044,0.3158044262614146,0.002997002997002997,0.000999000999000999,0.000999000999000999
346,netmats_parcor,ridge,age,100,0.21051432029161282,0.9999999996768454,0.2800423588819363,0.023976023976023976,0.000999000999000999,0.004995004995004995
347,netmats_parcor,ridge,age,100,0.26473622671325847,0.9999999995201966,0.39929871728912536,0.01898101898101898,0.000999000999000999,0.000999000999000999
348,netmats_parcor,ridge,age,100,0.46587332442882357,0.9999999996816381,0.25670274025188866,0.000999000999000999,0.000999000999000999,0.002997002997002997
349,netmats_parcor,ridge,age,100,0.29877422783363417,0.9999999995855642,0.30887298071069136,0.002997002997002997,0.000999000999000999,0.002997002997002997
350,netmats_parcor,ridge,age,100,0.41706794547811477,0.9999999996061825,0.5846355319575562,0.000999000999000999,0.000999000999000999,0.000999000999000999
351,netmats_parcor,ridge,age,100,0.40848698286898255,0.9999999997069059,0.2697476800934263,0.000999000999000999,0.000999000999000999,0.006993006993006993
352,netmats_parcor,ridge,age,100,0.2981265024010752,0.9999999995482212,0.3340324572315972,0.002997002997002997,0.000999000999000999,0.000999000999000999
353,netmats_parcor,ridge,age,100,0.38919128744959347,0.9999999996495487,0.4112720093839335,0.000999000999000999,0.000999000999000999,0.000999000999000999
354,netmats_parcor,ridge,age,100,0.5045386252811577,0.9999999996512487,0.46219488402408526,0.000999000999000999,0.000999000999000999,0.000999000999000999
355,netmats_parcor,ridge,age,100,0.4503747042532484,0.9999999996317483,0.3490532053654824,0.000999000999000999,0.000999000999000999,0.000999000999000999
356,netmats_parcor,ridge,age,100,0.38801130082411583,0.9999999996847972,0.3731702373831291,0.000999000999000999,0.000999000999000999,0.000999000999000999
357,netmats_parcor,ridge,age,100,0.3843652420073796,0.9999999997124674,0.3881507461438977,0.000999000999000999,0.000999000999000999,0.000999000999000999
358,netmats_parcor,ridge,age,100,0.30027142284112285,0.9999999995681439,0.4943288955576791,0.000999000999000999,0.000999000999000999,0.000999000999000999
359,netmats_parcor,ridge,age,100,0.43819255447237,0.9999999996217331,0.26176876212525774,0.000999000999000999,0.000999000999000999,0.004995004995004995
360,netmats_parcor,ridge,age,100,0.4633966107336698,0.9999999995966681,0.5788916971706649,0.000999000999000999,0.000999000999000999,0.000999000999000999
361,netmats_parcor,ridge,age,100,0.28467281609419404,0.9999999995676607,0.3093100043000163,0.008991008991008992,0.000999000999000999,0.000999000999000999
362,netmats_parcor,ridge,age,100,0.09156087668924873,0.9999999997451396,0.29751851942496743,0.36063936063936064,0.000999000999000999,0.003996003996003996
363,netmats_parcor,ridge,age,100,0.35853666784274224,0.999999999734086,0.2967851339645977,0.005994005994005994,0.000999000999000999,0.002997002997002997
364,netmats_parcor,ridge,age,100,0.4957986133227449,0.9999999995722354,0.25619945187244614,0.000999000999000999,0.000999000999000999,0.008991008991008992
365,netmats_parcor,ridge,age,100,0.35066770554137233,0.9999999996387996,0.3450332286714207,0.006993006993006993,0.000999000999000999,0.001998001998001998
366,netmats_parcor,ridge,age,100,0.2587664320803882,0.9999999996578899,0.30078935208235513,0.01998001998001998,0.000999000999000999,0.001998001998001998
367,netmats_parcor,ridge,age,100,0.5304378530267719,0.9999999996087321,0.39943380082036617,0.000999000999000999,0.000999000999000999,0.000999000999000999
368,netmats_parcor,ridge,age,100,0.3036753296604804,0.9999999995761557,0.44531892400747375,0.000999000999000999,0.000999000999000999,0.000999000999000999
369,netmats_parcor,ridge,age,100,0.07528391632623241,0.9999999995425328,0.3356264704171258,0.35764235764235763,0.000999000999000999,0.000999000999000999
370,netmats_parcor,ridge,age,100,0.057038815373962784,0.9999999996812272,0.11584701031156008,0.47052947052947053,0.000999000999000999,0.12287712287712288
371,netmats_parcor,ridge,age,100,0.2522818242608883,0.9999999995958359,0.1841839601227704,0.02097902097902098,0.000999000999000999,0.03796203796203796
372,netmats_parcor,ridge,age,100,0.29849624762239374,0.9999999995896879,0.19869356017277842,0.012987012987012988,0.000999000999000999,0.024975024975024976
373,netmats_parcor,ridge,age,100,0.2748518737447413,0.9999999996259313,0.28627243818746106,0.003996003996003996,0.000999000999000999,0.001998001998001998
374,netmats_parcor,ridge,age,100,0.4433829114902402,0.9999999995882599,0.2796163490465764,0.000999000999000999,0.000999000999000999,0.001998001998001998
375,netmats_parcor,ridge,age,100,0.4422901714392736,0.9999999996863584,0.4097759084501301,0.000999000999000999,0.000999000999000999,0.000999000999000999
376,netmats_parcor,ridge,age,100,0.008228796665822751,0.9999999996369746,0.42831052791912944,0.4985014985014985,0.000999000999000999,0.000999000999000999
377,netmats_parcor,ridge,age,100,0.264870574376875,0.9999999995568002,0.4121159238446114,0.004995004995004995,0.000999000999000999,0.000999000999000999
378,netmats_parcor,ridge,age,100,0.5322873175726579,0.999999999711557,0.2722524380457819,0.000999000999000999,0.000999000999000999,0.006993006993006993
379,netmats_parcor,ridge,age,100,0.3596407037832079,0.9999999995962058,0.39560886261898626,0.000999000999000999,0.000999000999000999,0.000999000999000999
380,netmats_parcor,ridge,age,100,0.4768159380042964,0.9999999996577853,0.49483916244870424,0.000999000999000999,0.000999000999000999,0.000999000999000999
381,netmats_parcor,ridge,age,100,0.14555448233313423,0.9999999996470248,0.4399291992971419,0.26873126873126874,0.000999000999000999,0.000999000999000999
382,netmats_parcor,ridge,age,100,0.2537325721321885,0.9999999994566423,0.260897205161374,0.001998001998001998,0.000999000999000999,0.005994005994005994
383,netmats_parcor,ridge,age,100,0.34442733121091595,0.9999999996191631,0.2218816011181374,0.012987012987012988,0.000999000999000999,0.008991008991008992
384,netmats_parcor,ridge,age,100,0.3912609700776062,0.9999999996593318,0.23260964248264593,0.000999000999000999,0.000999000999000999,0.012987012987012988
385,netmats_parcor,ridge,age,100,0.4255589739312722,0.9999999995735356,0.15906112626626226,0.001998001998001998,0.000999000999000999,0.04995004995004995
386,netmats_parcor,ridge,age,100,0.308075841992612,0.9999999997372547,0.3419595322745558,0.006993006993006993,0.000999000999000999,0.002997002997002997
387,netmats_parcor,ridge,age,100,0.26833335420865223,0.9999999996331749,0.19025870944216894,0.000999000999000999,0.000999000999000999,0.029970029970029972
388,netmats_parcor,ridge,age,100,0.5334393321782817,0.9999999996555708,0.26945016878599787,0.000999000999000999,0.000999000999000999,0.005994005994005994
389,netmats_parcor,ridge,age,100,0.19700530918299733,0.9999999995741313,0.3038704165989704,0.03996003996003996,0.000999000999000999,0.003996003996003996
390,netmats_parcor,ridge,age,100,0.2635435875034894,0.9999999995851296,0.318109979703805,0.002997002997002997,0.000999000999000999,0.001998001998001998
391,netmats_parcor,ridge,age,100,0.5235982925047811,0.9999999996486565,0.4935253182619526,0.000999000999000999,0.000999000999000999,0.000999000999000999
392,netmats_parcor,ridge,age,100,0.29085281658767287,0.9999999995804657,0.38634963224999735,0.000999000999000999,0.000999000999000999,0.000999000999000999
393,netmats_parcor,ridge,age,100,0.18083794026292363,0.99999999970704,0.3422662174824826,0.055944055944055944,0.000999000999000999,0.000999000999000999
394,netmats_parcor,ridge,age,100,0.035907343838438195,0.999999999616894,0.34219530187573655,0.6473526473526473,0.000999000999000999,0.000999000999000999
395,netmats_parcor,ridge,age,100,0.30704854549983385,0.9999999995737807,0.3951403469561767,0.011988011988011988,0.000999000999000999,0.000999000999000999
396,netmats_parcor,ridge,age,100,0.5319432048889323,0.9999999996663969,0.2925078819754178,0.000999000999000999,0.000999000999000999,0.002997002997002997
397,netmats_parcor,ridge,age,100,0.4022932185200677,0.9999999996628998,0.4347644374847632,0.000999000999000999,0.000999000999000999,0.000999000999000999
398,netmats_parcor,ridge,age,100,0.3212579976194957,0.9999999995701325,0.46123466320083767,0.002997002997002997,0.000999000999000999,0.000999000999000999
399,netmats_parcor,ridge,age,100,0.39586223810153637,0.9999999995129564,0.4032573367685128,0.000999000999000999,0.000999000999000999,0.000999000999000999
